Score,Popularity,Rank,Members,Title,Type,Episodes,Status,Aired,Premiered,Broadcast,Producers,Licensors,Studios,Source,Genres,Demographic,Duration,Rating
9.380000114,284,1,710,Frieren: Beyond Journey's End,TV,28,Finished Airing,"Sep 29, 2023 to Mar 22, 2024",Fall 2023,Fridays at 23:00 (JST),"Aniplex, Dentsu, Shogakukan-Shueisha Productions, Nippon Television Network, TOHO animation, Shogakukan","None found, add some",Madhouse,Manga,"AdventureAdventure, DramaDrama, FantasyFantasy",ShounenShounen,24 min. per ep.,PG-13 - Teens 13 or older
9.090000153,3,2,3,Fullmetal Alchemist: Brotherhood,TV,64,Finished Airing,"Apr 5, 2009 to Jul 4, 2010",Spring 2009,Sundays at 17:00 (JST),"Aniplex, Square Enix, Mainichi Broadcasting System, Studio Moriken","Funimation, Aniplex of America",Bones,Manga,"ActionAction, AdventureAdventure, DramaDrama, FantasyFantasy",ShounenShounen,24 min. per ep.,R - 17+ (violence & profanity)
9.06000042,342,4,630,Gintama Season 4,TV,51,Finished Airing,"Apr 8, 2015 to Mar 30, 2016",Spring 2015,Wednesdays at 18:00 (JST),"TV Tokyo, Aniplex, Dentsu","Funimation, Crunchyroll",Bandai Namco Pictures,Manga,"ActionAction, ComedyComedy, Sci-FiSci-Fi",ShounenShounen,24 min. per ep.,PG-13 - Teens 13 or older
9.050000191,21,5,2,Attack on Titan Season 3 Part 2,TV,10,Finished Airing,"Apr 29, 2019 to Jul 1, 2019",Spring 2019,Mondays at 00:10 (JST),"Production I.G, Dentsu, Mainichi Broadcasting System, Pony Canyon, Kodansha, Techno Sound, Pony Canyon Enterprises",Funimation,Wit Studio,Manga,"ActionAction, DramaDrama, SuspenseSuspense",ShounenShounen,23 min. per ep.,R - 17+ (violence & profanity)
9.039999962,9,7,2,Hunter x Hunter,TV,148,Finished Airing,"Oct 2, 2011 to Sep 24, 2014",Fall 2011,Sundays at 10:55 (JST),"VAP, Nippon Television Network, Shueisha",VIZ Media,Madhouse,Manga,"ActionAction, AdventureAdventure, FantasyFantasy",ShounenShounen,23 min. per ep.,PG-13 - Teens 13 or older
9.029999733,393,8,555,Gintama Season 2,TV,51,Finished Airing,"Apr 4, 2011 to Mar 26, 2012",Spring 2011,Mondays at 18:00 (JST),"TV Tokyo, Aniplex, Dentsu, Trinity Sound, Miracle Robo, Studio Jack, Shueisha","None found, add some",Sunrise,Manga,"ActionAction, ComedyComedy, Sci-FiSci-Fi",ShounenShounen,24 min. per ep.,PG-13 - Teens 13 or older
9.020000458,411,9,538,Bleach: Thousand-Year Blood War,TV,13,Finished Airing,"Oct 11, 2022 to Dec 27, 2022",Fall 2022,Tuesdays at 00:00 (JST),"TV Tokyo, Aniplex, Dentsu, Shueisha",VIZ Media,Pierrot,Manga,"ActionAction, AdventureAdventure, FantasyFantasy",ShounenShounen,24 min. per ep.,R - 17+ (violence & profanity)
9.020000458,738,11,325,Gintama: Enchousen,TV,13,Finished Airing,"Oct 4, 2012 to Mar 28, 2013",Fall 2012,Thursdays at 18:00 (JST),"TV Tokyo, Aniplex, Dentsu, Shueisha, Miracle Bus","None found, add some",Sunrise,Manga,"ActionAction, ComedyComedy, Sci-FiSci-Fi",ShounenShounen,24 min. per ep.,PG-13 - Teens 13 or older
9.010000229,178,12,926,Kaguya-sama: Love is War - Ultra Romantic,TV,13,Finished Airing,"Apr 9, 2022 to Jun 25, 2022",Spring 2022,Saturdays at 00:00 (JST),"Aniplex, Mainichi Broadcasting System, Magic Capsule, Shueisha, JR East Marketing & Communications",Aniplex of America,A-1 Pictures,Manga,"ComedyComedy, RomanceRomance",SeinenSeinen,23 min. per ep.,PG-13 - Teens 13 or older
8.979999542,473,13,477,Fruits Basket: The Final Season,TV,13,Finished Airing,"Apr 6, 2021 to Jun 29, 2021",Spring 2021,Tuesdays at 01:30 (JST),"TV Tokyo, TV Osaka, Nihon Ad Systems, Hakusensha, Avex Pictures, TMS Music, 8PAN",Funimation,TMS Entertainment,Manga,"DramaDrama, RomanceRomance, SupernaturalSupernatural",ShoujoShoujo,23 min. per ep.,PG-13 - Teens 13 or older
8.979999542,761,14,314,Gintama Season 5,TV,12,Finished Airing,"Jan 9, 2017 to Mar 27, 2017",Winter 2017,Mondays at 01:35 (JST),"TV Tokyo, Aniplex, Dentsu, Shueisha","None found, add some",Bandai Namco Pictures,Manga,"ActionAction, ComedyComedy, Sci-FiSci-Fi",ShounenShounen,24 min. per ep.,PG-13 - Teens 13 or older
8.93999958,140,15,1,Gintama,TV,201,Finished Airing,"Apr 4, 2006 to Mar 25, 2010",Spring 2006,Thursdays at 18:00 (JST),"TV Tokyo, Aniplex, Dentsu, Trinity Sound, Audio Highs, Miracle Robo, Shueisha","Sentai Filmworks, Crunchyroll",Sunrise,Manga,"ActionAction, ComedyComedy, Sci-FiSci-Fi",ShounenShounen,24 min. per ep.,PG-13 - Teens 13 or older
8.890000343,1399,23,168,The Dangers in My Heart Season 2,TV,13,Finished Airing,"Jan 7, 2024 to Mar 31, 2024",Winter 2024,Sundays at 01:30 (JST),"Dentsu, TV Asahi, Movic, Magic Capsule, Avex Pictures, Akita Shoten, BS Asahi, TV Asahi Music",Sentai Filmworks,Shin-Ei Animation,Manga,"ComedyComedy, RomanceRomance",ShounenShounen,23 min. per ep.,PG-13 - Teens 13 or older
8.880000114,1213,24,198,Gintama.: Silver Soul Arc - Second Half War,TV,14,Finished Airing,"Jul 9, 2018 to Oct 8, 2018",Summer 2018,Mondays at 01:35 (JST),"TV Tokyo, Aniplex, Dentsu, Shueisha","None found, add some",Bandai Namco Pictures,Manga,"ActionAction, ComedyComedy, Sci-FiSci-Fi",ShounenShounen,24 min. per ep.,PG-13 - Teens 13 or older
8.880000114,131,25,1,Monster,TV,74,Finished Airing,"Apr 7, 2004 to Sep 28, 2005",Spring 2004,Wednesdays at 00:40 (JST),"VAP, Shogakukan-Shueisha Productions, Nippon Television Network",VIZ Media,Madhouse,Manga,"DramaDrama, MysteryMystery, SuspenseSuspense",SeinenSeinen,24 min. per ep.,R+ - Mild Nudity
8.840000153,184,28,916,Jujutsu Kaisen Season 2,TV,23,Finished Airing,"Jul 6, 2023 to Dec 28, 2023",Summer 2023,Thursdays at 23:56 (JST),"Mainichi Broadcasting System, TOHO animation, Shueisha, dugout, Sumzap","None found, add some",MAPPA,Manga,"ActionAction, FantasyFantasy",ShounenShounen,23 min. per ep.,R - 17+ (violence & profanity)
8.81000042,359,31,604,Vinland Saga Season 2,TV,24,Finished Airing,"Jan 10, 2023 to Jun 20, 2023",Winter 2023,Tuesdays at 00:30 (JST),"Dentsu, Kodansha, Twin Engine","None found, add some",MAPPA,Manga,"ActionAction, AdventureAdventure, DramaDrama",SeinenSeinen,25 min. per ep.,R - 17+ (violence & profanity)
8.81000042,1137,32,212,Gintama.: Silver Soul Arc,TV,12,Finished Airing,"Jan 8, 2018 to Mar 26, 2018",Winter 2018,Mondays at 01:35 (JST),"TV Tokyo, Aniplex, Dentsu, Shueisha","None found, add some",Bandai Namco Pictures,Manga,"ActionAction, ComedyComedy, Sci-FiSci-Fi",ShounenShounen,24 min. per ep.,PG-13 - Teens 13 or older
8.789999962,35,35,1,Attack on Titan: Final Season,TV,16,Finished Airing,"Dec 7, 2020 to Mar 29, 2021",Winter 2021,Mondays at 00:10 (JST),"Production I.G, Dentsu, Mainichi Broadcasting System, Pony Canyon, Kodansha, Techno Sound, Pony Canyon Enterprises",Funimation,MAPPA,Manga,"ActionAction, DramaDrama, SuspenseSuspense",ShounenShounen,23 min. per ep.,R - 17+ (violence & profanity)
8.760000229,102,42,1,Attack on Titan: Final Season Part 2,TV,12,Finished Airing,"Jan 10, 2022 to Apr 4, 2022",Winter 2022,Mondays at 00:05 (JST),"Production I.G, Dentsu, Mainichi Broadcasting System, Pony Canyon, Kodansha, Pony Canyon Enterprises",Funimation,MAPPA,Manga,"ActionAction, DramaDrama, SuspenseSuspense",ShounenShounen,23 min. per ep.,R - 17+ (violence & profanity)
8.75,88,44,1,Demon Slayer: Kimetsu no Yaiba Entertainment District Arc,TV,11,Finished Airing,"Dec 5, 2021 to Feb 13, 2022",Winter 2022,Sundays at 23:15 (JST),"Aniplex, Shueisha","Aniplex of America, Crunchyroll",ufotable,Manga,"ActionAction, FantasyFantasy",ShounenShounen,26 min. per ep.,R - 17+ (violence & profanity)
8.739999771,3051,49,52,Tomorrow's Joe 2,TV,47,Finished Airing,"Oct 13, 1980 to Aug 31, 1981",Fall 1980,Unknown,Annapuru,"None found, add some",Tokyo Movie Shinsha,Manga,"DramaDrama, SportsSports",ShounenShounen,24 min. per ep.,PG-13 - Teens 13 or older
8.729999542,908,50,266,Mushi-shi: Next Passage Part 2,TV,10,Finished Airing,"Oct 19, 2014 to Dec 21, 2014",Fall 2014,Sundays at 00:30 (JST),"Aniplex, Kodansha, Delfi Sound",Aniplex of America,Artland,Manga,"AdventureAdventure, MysteryMystery, Slice of LifeSlice of Life, SupernaturalSupernatural",SeinenSeinen,23 min. per ep.,PG-13 - Teens 13 or older
8.68999958,907,57,267,Bleach: Thousand-Year Blood War - The Separation,TV,13,Finished Airing,"Jul 8, 2023 to Sep 30, 2023",Summer 2023,Saturdays at 23:00 (JST),"TV Tokyo, Aniplex, Dentsu, Shueisha, Zack Promotion",VIZ Media,Pierrot,Manga,"ActionAction, AdventureAdventure, FantasyFantasy",ShounenShounen,24 min. per ep.,R - 17+ (violence & profanity)
8.68999958,803,59,300,Mushi-shi: Next Passage Part 1,TV,10,Finished Airing,"Apr 5, 2014 to Jun 21, 2014",Spring 2014,Saturdays at 00:00 (JST),"Aniplex, Kodansha, Delfi Sound",Aniplex of America,Artland,Manga,"AdventureAdventure, MysteryMystery, Slice of LifeSlice of Life, SupernaturalSupernatural",SeinenSeinen,24 min. per ep.,PG-13 - Teens 13 or older
8.670000076,242,65,782,[Oshi No Ko],TV,11,Finished Airing,"Apr 12, 2023 to Jun 28, 2023",Spring 2023,Wednesdays at 23:00 (JST),"Shueisha, CyberAgent, Kadokawa",Sentai Filmworks,Doga Kobo,Manga,"Award WinningAward Winning, DramaDrama, SupernaturalSupernatural",SeinenSeinen,30 min. per ep.,PG-13 - Teens 13 or older
8.659999847,215,70,829,Mushi-Shi,TV,26,Finished Airing,"Oct 23, 2005 to Jun 19, 2006",Fall 2005,Sundays at 03:40 (JST),"Avex Entertainment, Marvelous Entertainment, SKY Perfect Well Think, Delfi Sound",Funimation,Artland,Manga,"AdventureAdventure, MysteryMystery, Slice of LifeSlice of Life, SupernaturalSupernatural",SeinenSeinen,23 min. per ep.,PG-13 - Teens 13 or older
8.649999619,1338,72,178,Bungo Stray Dogs 5,TV,11,Finished Airing,"Jul 12, 2023 to Sep 20, 2023",Summer 2023,Wednesdays at 23:00 (JST),"WOWOW, Lantis, Movic, Glovision, Crunchyroll, Sunrise Music, Kadokawa, Sony Music Solutions, Bandai Namco Music Live","None found, add some",Bones,Manga,"ActionAction, MysteryMystery, SupernaturalSupernatural",SeinenSeinen,23 min. per ep.,R - 17+ (violence & profanity)
8.640000343,993,75,245,Natsume's Book of Friends Season 4,TV,13,Finished Airing,"Jan 3, 2012 to Mar 27, 2012",Winter 2012,Tuesdays at 01:30 (JST),"TV Tokyo, Aniplex, Nihon Ad Systems, Hakusensha, Sony Music Entertainment","NIS America, Inc.",Brain's Base,Manga,"Slice of LifeSlice of Life, SupernaturalSupernatural",ShoujoShoujo,24 min. per ep.,PG-13 - Teens 13 or older
8.640000343,23,76,2,Your Lie in April,TV,22,Finished Airing,"Oct 10, 2014 to Mar 20, 2015",Fall 2014,Fridays at 01:20 (JST),"Aniplex, Dentsu, Kodansha, Fuji TV, Lawson HMV Entertainment, Kyoraku Industrial Holdings, Kansai Telecasting",Aniplex of America,A-1 Pictures,Manga,"DramaDrama, RomanceRomance",ShounenShounen,22 min. per ep.,PG-13 - Teens 13 or older
8.619999886,2,80,3,Death Note,TV,37,Finished Airing,"Oct 4, 2006 to Jun 27, 2007",Fall 2006,Wednesdays at 00:56 (JST),"VAP, Nippon Television Network, Shueisha, D.N. Dream Partners",VIZ Media,Madhouse,Manga,"SupernaturalSupernatural, SuspenseSuspense",ShounenShounen,23 min. per ep.,R - 17+ (violence & profanity)
8.619999886,1283,81,186,Natsume's Book of Friends Season 6,TV,11,Finished Airing,"Apr 12, 2017 to Jun 21, 2017",Spring 2017,Wednesdays at 01:35 (JST),"TV Tokyo, Aniplex, Nihon Ad Systems, Hakusensha","None found, add some",Shuka,Manga,"Slice of LifeSlice of Life, SupernaturalSupernatural",ShoujoShoujo,23 min. per ep.,PG-13 - Teens 13 or older
8.619999886,585,82,393,Ping Pong the Animation,TV,11,Finished Airing,"Apr 11, 2014 to Jun 20, 2014",Spring 2014,Fridays at 00:50 (JST),"Aniplex, Dentsu, Fuji TV, Kyoraku Industrial Holdings",Funimation,Tatsunoko Production,Manga,"Award WinningAward Winning, DramaDrama, SportsSports",SeinenSeinen,23 min. per ep.,PG-13 - Teens 13 or older
8.619999886,18,83,2,Attack on Titan Season 3,TV,12,Finished Airing,"Jul 23, 2018 to Oct 15, 2018",Summer 2018,Mondays at 00:35 (JST),"Production I.G, Dentsu, Mainichi Broadcasting System, Pony Canyon, Kodansha, Techno Sound, Pony Canyon Enterprises",Funimation,Wit Studio,Manga,"ActionAction, DramaDrama, SuspenseSuspense",ShounenShounen,23 min. per ep.,R - 17+ (violence & profanity)
8.609999657,14,85,2,Jujutsu Kaisen,TV,24,Finished Airing,"Oct 3, 2020 to Mar 27, 2021",Fall 2020,Saturdays at 01:25 (JST),"Mainichi Broadcasting System, TOHO animation, Shueisha, dugout, Sumzap",VIZ Media,MAPPA,Manga,"ActionAction, Award WinningAward Winning, FantasyFantasy",ShounenShounen,23 min. per ep.,R - 17+ (violence & profanity)
8.590000153,314,89,659,Berserk,TV,25,Finished Airing,"Oct 8, 1997 to Apr 1, 1998",Fall 1997,Wednesdays at 01:45 (JST),"VAP, Hakusensha, Nippon Television Network",Discotek Media,OLM,Manga,"ActionAction, AdventureAdventure, DramaDrama, FantasyFantasy, HorrorHorror",SeinenSeinen,23 min. per ep.,R+ - Mild Nudity
8.569999695,152,95,1,JoJo's Bizarre Adventure: Golden Wind,TV,39,Finished Airing,"Oct 6, 2018 to Jul 28, 2019",Fall 2018,Saturdays at 01:05 (JST),Warner Bros. Japan,VIZ Media,David Production,Manga,"ActionAction, AdventureAdventure, SupernaturalSupernatural",ShounenShounen,23 min. per ep.,R - 17+ (violence & profanity)
8.569999695,1284,97,186,Natsume's Book of Friends Season 5,TV,11,Finished Airing,"Oct 5, 2016 to Dec 21, 2016",Fall 2016,Wednesdays at 01:35 (JST),"TV Tokyo, Aniplex, Nihon Ad Systems, Hakusensha","None found, add some",Shuka,Manga,"Slice of LifeSlice of Life, SupernaturalSupernatural",ShoujoShoujo,23 min. per ep.,PG-13 - Teens 13 or older
8.569999695,964,98,252,Natsume's Book of Friends Season 3,TV,13,Finished Airing,"Jul 5, 2011 to Sep 27, 2011",Summer 2011,Tuesdays at 01:30 (JST),"Aniplex, Sakura Create","NIS America, Inc.",Brain's Base,Manga,"Slice of LifeSlice of Life, SupernaturalSupernatural",ShoujoShoujo,24 min. per ep.,PG-13 - Teens 13 or older
8.550000191,307,106,667,Nana,TV,47,Finished Airing,"Apr 5, 2006 to Mar 28, 2007",Spring 2006,Wednesdays at 23:25 (JST),"VAP, Nippon Television Network, Shueisha","VIZ Media, Sentai Filmworks",Madhouse,Manga,"DramaDrama, RomanceRomance",ShoujoShoujo,23 min. per ep.,R+ - Mild Nudity
8.550000191,1,108,3,Attack on Titan,TV,25,Finished Airing,"Apr 7, 2013 to Sep 29, 2013",Spring 2013,Sundays at 01:58 (JST),"Production I.G, Dentsu, Mainichi Broadcasting System, Pony Canyon, Kodansha, Pony Canyon Enterprises",Funimation,Wit Studio,Manga,"ActionAction, Award WinningAward Winning, DramaDrama, SuspenseSuspense",ShounenShounen,24 min. per ep.,R - 17+ (violence & profanity)
8.539999962,982,112,248,Natsume's Book of Friends Season 2,TV,13,Finished Airing,"Jan 6, 2009 to Mar 31, 2009",Winter 2009,Tuesdays at 01:00 (JST),"Aniplex, Nihon Ad Systems","NIS America, Inc.",Brain's Base,Manga,"Slice of LifeSlice of Life, SupernaturalSupernatural",ShoujoShoujo,24 min. per ep.,PG-13 - Teens 13 or older
8.539999962,434,113,510,Fruits Basket 2nd Season,TV,25,Finished Airing,"Apr 7, 2020 to Sep 22, 2020",Spring 2020,Tuesdays at 01:30 (JST),"TV Tokyo, TV Osaka, Nihon Ad Systems, Hakusensha, Avex Pictures, TMS Music, 8PAN",Funimation,TMS Entertainment,Manga,"DramaDrama, RomanceRomance, SupernaturalSupernatural",ShoujoShoujo,23 min. per ep.,PG-13 - Teens 13 or older
8.529999733,723,114,330,Bakuman. Season 3,TV,25,Finished Airing,"Oct 6, 2012 to Mar 30, 2013",Fall 2012,Unknown,"NHK, Shueisha","None found, add some",J.C.Staff,Manga,"ComedyComedy, DramaDrama, RomanceRomance",ShounenShounen,24 min. per ep.,PG-13 - Teens 13 or older
8.520000458,1069,120,227,Ghost in the Shell: Stand Alone Complex 2nd GIG,TV,26,Finished Airing,"Jan 1, 2004 to Jan 8, 2005",Winter 2004,Unknown,"Bandai Visual, Dentsu, Victor Entertainment, Kodansha, Tokuma Shoten, Nippon Television Network","Bandai Entertainment, Manga Entertainment",Production I.G,Manga,"ActionAction, MysteryMystery, Sci-FiSci-Fi",SeinenSeinen,25 min. per ep.,R - 17+ (violence & profanity)
8.520000458,1190,122,201,Gintama.: Slip Arc,TV,13,Finished Airing,"Oct 2, 2017 to Dec 25, 2017",Fall 2017,Mondays at 01:35 (JST),"TV Tokyo, Aniplex, Dentsu, Shueisha","None found, add some",Bandai Namco Pictures,Manga,"ActionAction, ComedyComedy, Sci-FiSci-Fi",ShounenShounen,23 min. per ep.,PG-13 - Teens 13 or older
8.510000229,12,126,2,Attack on Titan Season 2,TV,12,Finished Airing,"Apr 1, 2017 to Jun 17, 2017",Spring 2017,Saturdays at 22:00 (JST),"Production I.G, Dentsu, Mainichi Broadcasting System, Pony Canyon, Kodansha, Techno Sound, Pony Canyon Enterprises",Funimation,Wit Studio,Manga,"ActionAction, DramaDrama, SuspenseSuspense",ShounenShounen,24 min. per ep.,R - 17+ (violence & profanity)
8.510000229,77,130,1,Chainsaw Man,TV,12,Finished Airing,"Oct 12, 2022 to Dec 28, 2022",Fall 2022,Wednesdays at 00:00 (JST),dugout,"None found, add some",MAPPA,Manga,"ActionAction, FantasyFantasy",ShounenShounen,24 min. per ep.,R - 17+ (violence & profanity)
8.5,130,131,1,JoJo's Bizarre Adventure: Diamond Is Unbreakable,TV,39,Finished Airing,"Apr 2, 2016 to Dec 24, 2016",Spring 2016,Saturdays at 00:30 (JST),Warner Bros. Japan,VIZ Media,David Production,Manga,"ActionAction, AdventureAdventure, SupernaturalSupernatural",ShounenShounen,23 min. per ep.,R - 17+ (violence & profanity)
8.5,38,132,1,The Promised Neverland,TV,12,Finished Airing,"Jan 10, 2019 to Mar 29, 2019",Winter 2019,Fridays at 00:55 (JST),"Aniplex, Dentsu, Fuji TV, Shueisha, CA-Cygames Anime Fund",Aniplex of America,CloverWorks,Manga,"FantasyFantasy, MysteryMystery, Sci-FiSci-Fi, SuspenseSuspense",ShounenShounen,22 min. per ep.,R - 17+ (violence & profanity)
8.5,4,133,3,One Punch Man,TV,12,Finished Airing,"Oct 5, 2015 to Dec 21, 2015",Fall 2015,Mondays at 01:05 (JST),"TV Tokyo, Bandai Visual, Lantis, Asatsu DK, Banpresto, Good Smile Company, Shueisha, JR East Marketing & Communications",VIZ Media,Madhouse,Web manga,"ActionAction, ComedyComedy",SeinenSeinen,24 min. per ep.,R - 17+ (violence & profanity)
8.489999771,1729,136,129,Aria the Origination,TV,13,Finished Airing,"Jan 8, 2008 to Apr 1, 2008",Winter 2008,Tuesdays at 02:00 (JST),"Production I.G, TV Tokyo, Media Factory, Shochiku, Mag Garden",Nozomi Entertainment,HAL Film Maker,Manga,"FantasyFantasy, Sci-FiSci-Fi, Slice of LifeSlice of Life",ShounenShounen,24 min. per ep.,G - All Ages
8.489999771,424,138,524,Summer Time Rendering,TV,25,Finished Airing,"Apr 15, 2022 to Sep 30, 2022",Spring 2022,Fridays at 00:00 (JST),"Shogakukan-Shueisha Productions, Movic, MAGES., Tokyo MX, Shueisha, Toy's Factory, Bandai Spirits","None found, add some",OLM,Manga,"MysteryMystery, SupernaturalSupernatural, SuspenseSuspense",ShounenShounen,23 min. per ep.,R - 17+ (violence & profanity)
8.479999542,85,141,1,Assassination Classroom Second Season,TV,25,Finished Airing,"Jan 8, 2016 to Jul 1, 2016",Winter 2016,Fridays at 01:25 (JST),"Dentsu, Studio Hibari, Fuji TV, DAX Production, Avex Pictures, Shueisha, Kansai Telecasting",Funimation,Lerche,Manga,"ActionAction, ComedyComedy",ShounenShounen,23 min. per ep.,PG-13 - Teens 13 or older
8.470000267,203,142,863,Banana Fish,TV,24,Finished Airing,"Jul 6, 2018 to Dec 21, 2018",Summer 2018,Fridays at 00:55 (JST),"Aniplex, Dentsu, Movic, Fuji TV, Shogakukan","None found, add some",MAPPA,Manga,"ActionAction, AdventureAdventure, DramaDrama, SuspenseSuspense",ShoujoShoujo,22 min. per ep.,R - 17+ (violence & profanity)
8.470000267,6,145,3,Demon Slayer: Kimetsu no Yaiba,TV,26,Finished Airing,"Apr 6, 2019 to Sep 28, 2019",Spring 2019,Saturdays at 23:30 (JST),"Aniplex, Shueisha",Aniplex of America,ufotable,Manga,"ActionAction, Award WinningAward Winning, FantasyFantasy",ShounenShounen,23 min. per ep.,R - 17+ (violence & profanity)
8.470000267,579,147,395,Rainbow,TV,26,Finished Airing,"Apr 7, 2010 to Sep 29, 2010",Spring 2010,Wednesdays at 00:59 (JST),"VAP, Nippon Television Network","Funimation, Discotek Media",Madhouse,Manga,"DramaDrama, SuspenseSuspense",SeinenSeinen,22 min. per ep.,R - 17+ (violence & profanity)
8.460000038,291,149,689,Yu Yu Hakusho: Ghost Files,TV,112,Finished Airing,"Oct 10, 1992 to Jan 7, 1995",Fall 1992,Unknown,"Yomiko Advertising, Fuji TV",Funimation,Pierrot,Manga,"ActionAction, FantasyFantasy",ShounenShounen,23 min. per ep.,PG-13 - Teens 13 or older
8.449999809,851,152,286,Bungo Stray Dogs 4,TV,13,Finished Airing,"Jan 4, 2023 to Mar 29, 2023",Winter 2023,Wednesdays at 23:00 (JST),"WOWOW, Lantis, Movic, Glovision, Crunchyroll, Kadokawa, Sony Music Solutions, Bandai Namco Music Live","None found, add some",Bones,Manga,"ActionAction, MysteryMystery, SupernaturalSupernatural",SeinenSeinen,23 min. per ep.,R - 17+ (violence & profanity)
8.449999809,1390,153,169,Golden Kamuy Season 3,TV,12,Finished Airing,"Oct 5, 2020 to Dec 21, 2020",Fall 2020,Mondays at 23:00 (JST),"Magic Capsule, NBCUniversal Entertainment Japan, Twin Engine",Funimation,Geno Studio,Manga,"ActionAction, AdventureAdventure",SeinenSeinen,23 min. per ep.,R - 17+ (violence & profanity)
8.43999958,134,160,1,JoJo's Bizarre Adventure: Stardust Crusaders - Battle in Egypt,TV,24,Finished Airing,"Jan 10, 2015 to Jun 20, 2015",Winter 2015,Saturdays at 00:30 (JST),"Yomiko Advertising, Warner Bros. Japan, KlockWorx, Medicos Entertainment, Shueisha",VIZ Media,David Production,Manga,"ActionAction, AdventureAdventure, SupernaturalSupernatural",ShounenShounen,23 min. per ep.,R - 17+ (violence & profanity)
8.420000076,577,168,397,Ghost in the Shell: Stand Alone Complex,TV,26,Finished Airing,"Oct 1, 2002 to Oct 1, 2003",Fall 2002,Fridays at 15:30 (JST),"Bandai Visual, Dentsu, Victor Entertainment, Animax, Kodansha, Trilogy Future Studio, Tokuma Shoten, Nippon Television Network","Bandai Entertainment, Manga Entertainment",Production I.G,Manga,"ActionAction, Award WinningAward Winning, MysteryMystery, Sci-FiSci-Fi",SeinenSeinen,25 min. per ep.,R - 17+ (violence & profanity)
8.420000076,327,172,641,The Disastrous Life of Saiki K. 2,TV,24,Finished Airing,"Jan 17, 2018 to Jun 27, 2018",Winter 2018,Wednesdays at 01:35 (JST),"TV Tokyo, Shogakukan-Shueisha Productions, Nippon Columbia, KlockWorx, Asmik Ace, Bandai Namco Entertainment, Shueisha, Toy's Factory, Dear Stage inc.","None found, add some","J.C.Staff, Egg Firm",Manga,"ComedyComedy, SupernaturalSupernatural",ShounenShounen,24 min. per ep.,PG-13 - Teens 13 or older
8.420000076,370,173,591,Hunter x Hunter,TV,62,Finished Airing,"Oct 16, 1999 to Mar 31, 2001",Fall 1999,Saturdays at 18:00 (JST),Fuji TV,VIZ Media,Nippon Animation,Manga,"ActionAction, AdventureAdventure, FantasyFantasy",ShounenShounen,23 min. per ep.,PG-13 - Teens 13 or older
8.409999847,136,178,1,The Disastrous Life of Saiki K.,TV,120,Finished Airing,"Jul 4, 2016 to Dec 26, 2016",Summer 2016,Not scheduled once per week,"TV Tokyo, Shogakukan-Shueisha Productions, Pony Canyon, Nippon Columbia, KlockWorx, Asmik Ace, Bandai Namco Entertainment, Shueisha, Toy's Factory, Dear Stage inc.",Funimation,"J.C.Staff, Egg Firm",Manga,"ComedyComedy, SupernaturalSupernatural",ShounenShounen,5 min. per ep.,PG-13 - Teens 13 or older
8.390000343,489,189,461,Land of the Lustrous,TV,12,Finished Airing,"Oct 7, 2017 to Dec 23, 2017",Fall 2017,Saturdays at 21:30 (JST),"Mainichi Broadcasting System, Kodansha, Movic, AT-X, TOHO animation, Tokyo MX, Q-Tec, Kyoraku Industrial Holdings, BS11",Sentai Filmworks,Orange,Manga,"ActionAction, DramaDrama, FantasyFantasy, MysteryMystery",SeinenSeinen,24 min. per ep.,PG-13 - Teens 13 or older
8.380000114,1772,194,124,Cross Game,TV,50,Finished Airing,"Apr 5, 2009 to Mar 28, 2010",Spring 2009,Sundays at 10:00 (JST),"TV Tokyo, Shogakukan-Shueisha Productions","None found, add some",SynergySP,Manga,"DramaDrama, RomanceRomance, SportsSports",ShounenShounen,23 min. per ep.,PG-13 - Teens 13 or older
8.380000114,162,198,956,That Time I Got Reincarnated as a Slime Season 2,TV,12,Finished Airing,"Jan 12, 2021 to Mar 30, 2021",Winter 2021,Tuesdays at 23:00 (JST),Kodansha,Funimation,8bit,Manga,"ActionAction, AdventureAdventure, ComedyComedy, FantasyFantasy",ShounenShounen,23 min. per ep.,PG-13 - Teens 13 or older
8.369999886,261,201,750,Demon Slayer: Kimetsu no Yaiba Mugen Train Arc,TV,7,Finished Airing,"Oct 10, 2021 to Nov 28, 2021",Fall 2021,Sundays at 23:15 (JST),"Aniplex, Shueisha","None found, add some",ufotable,Manga,"ActionAction, FantasyFantasy",ShounenShounen,24 min. per ep.,R - 17+ (violence & profanity)
8.350000381,200,213,869,To Your Eternity,TV,20,Finished Airing,"Apr 12, 2021 to Aug 30, 2021",Spring 2021,Mondays at 22:50 (JST),"NHK, Kodansha, NHK Enterprises","None found, add some",Brain's Base,Manga,"AdventureAdventure, DramaDrama, SupernaturalSupernatural",ShounenShounen,25 min. per ep.,R - 17+ (violence & profanity)
8.350000381,607,217,383,Initial D First Stage,TV,26,Finished Airing,"Apr 19, 1998 to Dec 6, 1998",Spring 1998,Tuesdays at 00:00 (JST),"OB Planning, Fuji TV","Funimation, Tokyopop","Gallop, Studio Comet",Manga,"ActionAction, DramaDrama",SeinenSeinen,25 min. per ep.,PG-13 - Teens 13 or older
8.340000153,663,225,353,Bakuman. Season 2,TV,25,Finished Airing,"Oct 1, 2011 to Mar 24, 2012",Fall 2011,Saturdays at 17:30 (JST),"NHK, Shueisha",Media Blasters,J.C.Staff,Manga,"ComedyComedy, DramaDrama, RomanceRomance",ShounenShounen,24 min. per ep.,PG-13 - Teens 13 or older
8.340000153,2103,229,98,The Rose of Versailles,TV,40,Finished Airing,"Oct 10, 1979 to Sep 3, 1980",Fall 1979,Wednesdays at 19:00 (JST),Nippon Television Network,"Nozomi Entertainment, Discotek Media",Tokyo Movie Shinsha,Manga,"DramaDrama, RomanceRomance",ShoujoShoujo,24 min. per ep.,PG-13 - Teens 13 or older
8.329999924,256,231,760,That Time I Got Reincarnated as a Slime Season 2 Part 2,TV,12,Finished Airing,"Jul 6, 2021 to Sep 21, 2021",Summer 2021,Tuesdays at 23:00 (JST),"Kodansha, BS11, Bandai Namco Arts, Micro Magazine Publishing, Bandai Spirits, Sony Music Solutions, ADK Marketing Solutions",Crunchyroll,8bit,Manga,"ActionAction, AdventureAdventure, ComedyComedy, FantasyFantasy",ShounenShounen,23 min. per ep.,PG-13 - Teens 13 or older
8.329999924,42,234,1,Parasyte: The Maxim,TV,24,Finished Airing,"Oct 9, 2014 to Mar 26, 2015",Fall 2014,Thursdays at 01:29 (JST),"VAP, Nippon Television Network, Forecast Communications",Sentai Filmworks,Madhouse,Manga,"ActionAction, HorrorHorror, Sci-FiSci-Fi, SuspenseSuspense",SeinenSeinen,23 min. per ep.,R - 17+ (violence & profanity)
8.329999924,1013,236,238,One Outs,TV,25,Finished Airing,"Oct 8, 2008 to Apr 1, 2009",Fall 2008,Unknown,"VAP, Nippon Television Network, D.N. Dream Partners","None found, add some",Madhouse,Manga,"SportsSports, SuspenseSuspense",SeinenSeinen,23 min. per ep.,PG-13 - Teens 13 or older
8.319999695,2184,240,92,Tomorrow's Joe,TV,79,Finished Airing,"Apr 1, 1970 to Sep 29, 1971",Spring 1970,Wednesdays at 19:00 (JST),Fuji TV,"None found, add some",Mushi Production,Manga,"DramaDrama, SportsSports",ShounenShounen,25 min. per ep.,PG-13 - Teens 13 or older
8.31000042,408,253,540,Natsume's Book of Friends,TV,13,Finished Airing,"Jul 8, 2008 to Sep 30, 2008",Summer 2008,Tuesdays at 01:00 (JST),"Aniplex, Nihon Ad Systems, TV Tokyo Music, Sony Music Entertainment","NIS America, Inc., Crunchyroll",Brain's Base,Manga,"Slice of LifeSlice of Life, SupernaturalSupernatural",ShoujoShoujo,24 min. per ep.,PG-13 - Teens 13 or older
8.300000191,600,260,386,Kids on the Slope,TV,12,Finished Airing,"Apr 13, 2012 to Jun 29, 2012",Spring 2012,Fridays at 00:45 (JST),"Dentsu, Fuji TV, TOHO, DAX Production, Sony Music Entertainment",Sentai Filmworks,"Tezuka Productions, MAPPA",Manga,"DramaDrama, RomanceRomance",JoseiJosei,22 min. per ep.,PG-13 - Teens 13 or older
8.300000191,28,263,2,Erased,TV,12,Finished Airing,"Jan 8, 2016 to Mar 25, 2016",Winter 2016,Fridays at 00:55 (JST),"Aniplex, Dentsu, Kadokawa Shoten, Fuji TV, DAX Production, Kyoraku Industrial Holdings, Kansai Telecasting, Lawson, Kanetsu Investment, C-one",Aniplex of America,A-1 Pictures,Manga,"MysteryMystery, SupernaturalSupernatural, SuspenseSuspense",SeinenSeinen,23 min. per ep.,R - 17+ (violence & profanity)
8.289999962,685,268,341,Beck: Mongolian Chop Squad,TV,26,Finished Airing,"Oct 7, 2004 to Mar 31, 2005",Fall 2004,Thursdays at 01:30 (JST),"Marvelous Entertainment, Starchild Records, Asatsu DK, Kodansha",Funimation,Madhouse,Manga,"ComedyComedy, DramaDrama",ShounenShounen,25 min. per ep.,R - 17+ (violence & profanity)
8.289999962,450,276,495,Rurouni Kenshin,TV,94,Finished Airing,"Jan 10, 1996 to Sep 8, 1998",Winter 1996,Wednesdays at 19:30 (JST),"Aniplex, SME Visual Works, Fuji TV","Media Blasters, Aniplex of America","Gallop, Studio Deen",Manga,"ActionAction, ComedyComedy, RomanceRomance",ShounenShounen,25 min. per ep.,PG-13 - Teens 13 or older
8.279999733,52,279,1,Dr. Stone,TV,24,Finished Airing,"Jul 5, 2019 to Dec 13, 2019",Summer 2019,Fridays at 22:00 (JST),"TOHO animation, Shueisha, 8PAN","Funimation, Crunchyroll",TMS Entertainment,Manga,"AdventureAdventure, ComedyComedy, Sci-FiSci-Fi",ShounenShounen,24 min. per ep.,PG-13 - Teens 13 or older
8.279999733,968,286,251,Moriarty the Patriot Part 2,TV,13,Finished Airing,"Apr 4, 2021 to Jun 27, 2021",Spring 2021,Sundays at 22:30 (JST),"Mainichi Broadcasting System, Shueisha, Yomiuri TV Enterprise, Bandai Namco Arts, Bandai Spirits",Funimation,Production I.G,Manga,"MysteryMystery, SuspenseSuspense",ShounenShounen,23 min. per ep.,R - 17+ (violence & profanity)
8.270000458,960,288,253,That Time I Got Reincarnated as a Slime Season 3,TV,24,Currently Airing,"Apr 5, 2024 to ?",Spring 2024,Fridays at 23:00 (JST),"Kodansha, Nippon Television Network, BS11, Micro Magazine Publishing, Bandai Spirits, Sony Music Solutions, ADK Marketing Solutions, Bandai Namco Filmworks, Bandai Namco Music Live","None found, add some",8bit,Manga,"ActionAction, AdventureAdventure, ComedyComedy, FantasyFantasy",ShounenShounen,24 min. per ep.,PG-13 - Teens 13 or older
8.270000458,16,294,2,Naruto Shippuden,TV,500,Finished Airing,"Feb 15, 2007 to Mar 23, 2017",Winter 2007,Thursdays at 19:30 (JST),"TV Tokyo, Aniplex, KSS, Rakuonsha, TV Tokyo Music, Shueisha",VIZ Media,Pierrot,Manga,"ActionAction, AdventureAdventure, FantasyFantasy",ShounenShounen,23 min. per ep.,PG-13 - Teens 13 or older
8.260000229,838,300,290,The Dangers in My Heart,TV,12,Finished Airing,"Apr 2, 2023 to Jun 18, 2023",Spring 2023,Sundays at 01:30 (JST),"Dentsu, TV Asahi, Movic, Magic Capsule, Avex Pictures, Akita Shoten, BS Asahi, TV Asahi Music",Sentai Filmworks,Shin-Ei Animation,Manga,"ComedyComedy, RomanceRomance",ShounenShounen,23 min. per ep.,PG-13 - Teens 13 or older
8.260000229,759,312,315,Nodame Cantabile,TV,23,Finished Airing,"Jan 12, 2007 to Jun 15, 2007",Winter 2007,Thursdays at 21:00 (JST),"Dentsu, Genco, SKY Perfect Well Think, Kodansha, Fuji TV, Magic Capsule, Asmik Ace, Sony Music Entertainment, Fujipacific Music","None found, add some",J.C.Staff,Manga,"ComedyComedy, RomanceRomance",JoseiJosei,22 min. per ep.,PG-13 - Teens 13 or older
8.260000229,957,313,254,Planetes,TV,26,Finished Airing,"Oct 4, 2003 to Apr 17, 2004",Fall 2003,Saturdays at 08:05 (JST),"Bandai Visual, NHK",Bandai Entertainment,Sunrise,Manga,"Award WinningAward Winning, DramaDrama, RomanceRomance, Sci-FiSci-Fi",SeinenSeinen,25 min. per ep.,PG-13 - Teens 13 or older
8.25,229,314,811,Demon Slayer: Kimetsu no Yaiba Swordsmith Village Arc,TV,11,Finished Airing,"Apr 9, 2023 to Jun 18, 2023",Spring 2023,Sundays at 23:15 (JST),"Aniplex, Shueisha",Aniplex of America,ufotable,Manga,"ActionAction, FantasyFantasy",ShounenShounen,28 min. per ep.,R - 17+ (violence & profanity)
8.25,113,319,1,Dororo,TV,24,Finished Airing,"Jan 7, 2019 to Jun 24, 2019",Winter 2019,Mondays at 22:30 (JST),Twin Engine,Sentai Filmworks,"Tezuka Productions, MAPPA",Manga,"ActionAction, AdventureAdventure, SupernaturalSupernatural",ShounenShounen,24 min. per ep.,R - 17+ (violence & profanity)
8.239999771,1195,324,200,Kaiju No. 8,TV,12,Currently Airing,"Apr 13, 2024 to ?",Spring 2024,Saturdays at 23:00 (JST),"TV Tokyo, Khara, Nippon Columbia, TOHO animation, Shueisha, Sonilude, Toho Music","None found, add some",Production I.G,Manga,"ActionAction, Sci-FiSci-Fi",ShounenShounen,23 min. per ep.,PG-13 - Teens 13 or older
8.239999771,1172,327,205,Golden Kamuy Season 2,TV,12,Finished Airing,"Oct 8, 2018 to Dec 24, 2018",Fall 2018,Mondays at 23:00 (JST),"Magic Capsule, NBCUniversal Entertainment Japan, Tokyo MX, Good Smile Company, Sammy, Shueisha, JR East Marketing & Communications, Twin Engine",Funimation,Geno Studio,Manga,"ActionAction, AdventureAdventure",SeinenSeinen,23 min. per ep.,R - 17+ (violence & profanity)
8.220000267,557,337,411,Kamisama Kiss Season 2,TV,12,Finished Airing,"Jan 6, 2015 to Mar 31, 2015",Winter 2015,Tuesdays at 02:05 (JST),"Dentsu, Sotsu",Funimation,TMS Entertainment,Manga,"ComedyComedy, FantasyFantasy, RomanceRomance",ShoujoShoujo,23 min. per ep.,PG-13 - Teens 13 or older
8.220000267,480,350,468,Heavenly Delusion,TV,13,Finished Airing,"Apr 1, 2023 to Jun 24, 2023",Spring 2023,Saturdays at 22:00 (JST),"Mainichi Broadcasting System, Kodansha, NBCUniversal Entertainment Japan, Avex Pictures, NetEase","None found, add some",Production I.G,Manga,"AdventureAdventure, MysteryMystery, Sci-FiSci-Fi",SeinenSeinen,23 min. per ep.,R - 17+ (violence & profanity)
8.220000267,252,351,763,Trigun,TV,26,Finished Airing,"Apr 1, 1998 to Sep 30, 1998",Spring 1998,Thursdays at 01:15 (JST),Victor Entertainment,Funimation,Madhouse,Manga,"ActionAction, AdventureAdventure, Sci-FiSci-Fi",ShounenShounen,24 min. per ep.,PG-13 - Teens 13 or older
8.210000038,211,360,842,Magi: The Kingdom of Magic,TV,25,Finished Airing,"Oct 6, 2013 to Mar 30, 2014",Fall 2013,Sundays at 17:00 (JST),"Aniplex, Dentsu, Shogakukan-Shueisha Productions, Mainichi Broadcasting System, Movic, GYAO!",Aniplex of America,A-1 Pictures,Manga,"ActionAction, AdventureAdventure, FantasyFantasy",ShounenShounen,25 min. per ep.,PG-13 - Teens 13 or older
8.210000038,2521,361,73,Maison Ikkoku,TV,96,Finished Airing,"Mar 26, 1986 to Mar 2, 1988",Spring 1986,Wednesdays at 19:30 (JST),"Kitty Films, Fuji TV",VIZ Media,Studio Deen,Manga,"ComedyComedy, DramaDrama, RomanceRomance",SeinenSeinen,25 min. per ep.,R+ - Mild Nudity
8.210000038,339,366,633,Bungo Stray Dogs 3,TV,12,Finished Airing,"Apr 12, 2019 to Jun 28, 2019",Spring 2019,Fridays at 22:30 (JST),"WOWOW, Lantis, Movic, Bandai Namco Live Creative, Sony Music Entertainment, Glovision, Kadokawa Media House, Kadokawa, Bandai Namco Arts","None found, add some",Bones,Manga,"ActionAction, MysteryMystery, SupernaturalSupernatural",SeinenSeinen,23 min. per ep.,R - 17+ (violence & profanity)
8.210000038,214,369,831,Fruits Basket 1st Season,TV,25,Finished Airing,"Apr 6, 2019 to Sep 21, 2019",Spring 2019,Saturdays at 01:23 (JST),"TV Tokyo, TV Osaka, Nihon Ad Systems, Hakusensha, Avex Pictures, TMS Music, 8PAN",Funimation,TMS Entertainment,Manga,"DramaDrama, RomanceRomance, SupernaturalSupernatural",ShoujoShoujo,23 min. per ep.,PG-13 - Teens 13 or older
8.199999809,1989,373,107,Honey and Clover II,TV,12,Finished Airing,"Jun 30, 2006 to Sep 15, 2006",Summer 2006,Fridays at 00:45 (JST),"Dentsu, Genco, Fuji TV, Asmik Ace, Sony Music Entertainment, Shueisha","VIZ Media, Discotek Media",J.C.Staff,Manga,"DramaDrama, RomanceRomance",JoseiJosei,23 min. per ep.,PG-13 - Teens 13 or older
8.199999809,855,375,283,InuYasha: The Final Act,TV,26,Finished Airing,"Oct 4, 2009 to Mar 30, 2010",Fall 2009,Sundays at 02:20 (JST),"Yomiuri Telecasting, Shogakukan",VIZ Media,Sunrise,Manga,"ActionAction, AdventureAdventure, FantasyFantasy, RomanceRomance",ShounenShounen,24 min. per ep.,PG-13 - Teens 13 or older
8.199999809,870,376,278,The Case Study of Vanitas Part 2,TV,12,Finished Airing,"Jan 15, 2022 to Apr 2, 2022",Winter 2022,Saturdays at 00:00 (JST),"Aniplex, Square Enix, Hakuhodo DY Music & Pictures, Contents Seed",Funimation,Bones,Manga,"ActionAction, FantasyFantasy, MysteryMystery",ShounenShounen,23 min. per ep.,R - 17+ (violence & profanity)
8.180000305,4577,397,22,Mobile Suit Gundam: The Origin - Advent of the Red Comet,TV,13,Finished Airing,"Apr 29, 2019 to Aug 12, 2019",Spring 2019,Mondays at 00:35 (JST),Sunrise Music,"None found, add some",Sunrise,Manga,"ActionAction, Sci-FiSci-Fi",ShounenShounen,25 min. per ep.,PG-13 - Teens 13 or older
8.180000305,347,401,621,Bakuman.,TV,25,Finished Airing,"Oct 2, 2010 to Apr 2, 2011",Fall 2010,Unknown,"NHK, Shueisha",Media Blasters,J.C.Staff,Manga,"ComedyComedy, DramaDrama, RomanceRomance",ShounenShounen,24 min. per ep.,PG-13 - Teens 13 or older
8.180000305,205,403,857,Bungo Stray Dogs 2,TV,12,Finished Airing,"Oct 6, 2016 to Dec 16, 2016",Fall 2016,Fridays at 22:30 (JST),"Lantis, Movic, KlockWorx, Bandai Namco Live Creative, Glovision, Lawson HMV Entertainment, Sony PCL, Kadokawa","Funimation, Crunchyroll",Bones,Manga,"ActionAction, MysteryMystery, SupernaturalSupernatural",SeinenSeinen,23 min. per ep.,R - 17+ (violence & profanity)
8.180000305,488,404,461,Chihayafuru,TV,25,Finished Airing,"Oct 5, 2011 to Mar 28, 2012",Fall 2011,Wednesdays at Unknown,"VAP, Nippon Television Network",Sentai Filmworks,Madhouse,Manga,"DramaDrama, SportsSports",JoseiJosei,22 min. per ep.,PG-13 - Teens 13 or older
8.180000305,112,405,1,Dragon Ball Z,TV,291,Finished Airing,"Apr 26, 1989 to Jan 31, 1996",Spring 1989,Wednesdays at 19:00 (JST),"Fuji TV, Shueisha",Funimation,Toei Animation,Manga,"ActionAction, AdventureAdventure, ComedyComedy, FantasyFantasy",ShounenShounen,24 min. per ep.,PG-13 - Teens 13 or older
8.180000305,1096,407,220,Initial D Second Stage,TV,13,Finished Airing,"Oct 15, 1999 to Jan 21, 2000",Fall 1999,Fridays at 01:55 (JST),"OB Planning, Fuji TV","Funimation, Tokyopop",Pastel,Manga,"ActionAction, DramaDrama",SeinenSeinen,23 min. per ep.,PG-13 - Teens 13 or older
8.170000076,2397,408,79,Aria the Natural,TV,26,Finished Airing,"Apr 3, 2006 to Sep 25, 2006",Spring 2006,Mondays at 01:00 (JST),"Production I.G, TV Tokyo, Shochiku, Mag Garden",Nozomi Entertainment,HAL Film Maker,Manga,"FantasyFantasy, Sci-FiSci-Fi, Slice of LifeSlice of Life",ShounenShounen,24 min. per ep.,G - All Ages
8.170000076,515,410,437,Cardcaptor Sakura,TV,70,Finished Airing,"Apr 7, 1998 to Mar 21, 2000",Spring 1998,Tuesdays at 18:00 (JST),"NHK, Kodansha, Sogo Vision","Nelvana, NIS America, Inc., Geneon Entertainment USA",Madhouse,Manga,"AdventureAdventure, ComedyComedy, DramaDrama, FantasyFantasy, RomanceRomance",ShoujoShoujo,25 min. per ep.,PG - Children
8.170000076,531,416,428,Moriarty the Patriot,TV,11,Finished Airing,"Oct 11, 2020 to Dec 20, 2020",Fall 2020,Sundays at 23:53 (JST),"Mainichi Broadcasting System, Shueisha, Yomiuri TV Enterprise, Bandai Namco Arts, Bandai Spirits",Funimation,Production I.G,Manga,"MysteryMystery, SuspenseSuspense",ShounenShounen,23 min. per ep.,R - 17+ (violence & profanity)
8.159999847,129,423,1,Ouran High School Host Club,TV,26,Finished Airing,"Apr 5, 2006 to Sep 27, 2006",Spring 2006,Wednesdays at 00:50 (JST),"VAP, Hakusensha, Nippon Television Network",Funimation,Bones,Manga,"ComedyComedy, RomanceRomance",ShoujoShoujo,23 min. per ep.,PG-13 - Teens 13 or older
8.149999619,3331,435,44,Lupin the Third Part 5,TV,24,Finished Airing,"Apr 4, 2018 to Sep 19, 2018",Spring 2018,Wednesdays at 01:29 (JST),"Nippon Television Network, TMS Music",Discotek Media,Telecom Animation Film,Manga,"ActionAction, AdventureAdventure, ComedyComedy, MysteryMystery",SeinenSeinen,22 min. per ep.,PG-13 - Teens 13 or older
8.149999619,82,439,1,Noragami Aragoto,TV,13,Finished Airing,"Oct 3, 2015 to Dec 26, 2015",Fall 2015,Saturdays at 01:05 (JST),"Dentsu, Shochiku, Kodansha, Ai Addiction Inc., Avex Pictures, A-Sketch",Funimation,Bones,Manga,"ActionAction, FantasyFantasy",ShounenShounen,24 min. per ep.,PG-13 - Teens 13 or older
8.140000343,58,444,1,Black Clover,TV,170,Finished Airing,"Oct 3, 2017 to Mar 30, 2021",Fall 2017,Tuesdays at 18:25 (JST),"TV Tokyo, Avex Pictures, Shueisha","Funimation, Crunchyroll",Pierrot,Manga,"ActionAction, ComedyComedy, FantasyFantasy",ShounenShounen,23 min. per ep.,PG-13 - Teens 13 or older
8.140000343,2139,446,95,Golden Kamuy Season 4,TV,13,Finished Airing,"Oct 3, 2022 to Jun 26, 2023",Fall 2022,Mondays at 23:00 (JST),"NBCUniversal Entertainment Japan, Tokyo MX, Good Smile Company, Sammy, Shueisha, JR East Marketing & Communications, Twin Engine","None found, add some",Brain's Base,Manga,"ActionAction, AdventureAdventure",SeinenSeinen,23 min. per ep.,R - 17+ (violence & profanity)
8.140000343,61,447,1,Food Wars! Shokugeki no Soma,TV,24,Finished Airing,"Apr 4, 2015 to Sep 26, 2015",Spring 2015,Saturdays at 02:25 (JST),"Dentsu, Frontier Works, Mainichi Broadcasting System, Magic Capsule, Warner Bros. Japan, KlockWorx, Showgate, Shueisha, I Will",Sentai Filmworks,J.C.Staff,Manga,"GourmetGourmet, EcchiEcchi",ShounenShounen,25 min. per ep.,PG-13 - Teens 13 or older
8.140000343,83,448,1,That Time I Got Reincarnated as a Slime,TV,24,Finished Airing,"Oct 2, 2018 to Mar 19, 2019",Fall 2018,Tuesdays at 00:00 (JST),"Lantis, Kodansha, BS11, Bandai Namco Arts, Micro Magazine Publishing",Funimation,8bit,Manga,"ActionAction, AdventureAdventure, ComedyComedy, FantasyFantasy",ShounenShounen,23 min. per ep.,PG-13 - Teens 13 or older
8.130000114,392,454,557,Reborn!,TV,203,Finished Airing,"Oct 7, 2006 to Sep 25, 2010",Fall 2006,Saturdays at 10:30 (JST),"TV Tokyo, Dentsu, Marvelous Entertainment, Pony Canyon, d-rights","VIZ Media, Discotek Media",Artland,Manga,"ActionAction, ComedyComedy",ShounenShounen,24 min. per ep.,PG-13 - Teens 13 or older
8.130000114,699,459,335,Keep Your Hands Off Eizouken!,TV,12,Finished Airing,"Jan 6, 2020 to Mar 23, 2020",Winter 2020,Mondays at 00:10 (JST),"Warner Bros. Japan, Warner Music Japan, Shogakukan, NHK Enterprises",Sentai Filmworks,Science SARU,Manga,"AdventureAdventure, Award WinningAward Winning, ComedyComedy",SeinenSeinen,25 min. per ep.,PG-13 - Teens 13 or older
8.130000114,433,465,512,Hinamatsuri,TV,12,Finished Airing,"Apr 6, 2018 to Jun 22, 2018",Spring 2018,Fridays at 21:00 (JST),"AT-X, Magic Capsule, Nippon Columbia, Kadokawa Media House, NTT Plala, Kadokawa, Akatsuki",Funimation,feel.,Manga,"ComedyComedy, SupernaturalSupernatural",SeinenSeinen,23 min. per ep.,PG-13 - Teens 13 or older
8.109999657,81,480,1,Fullmetal Alchemist,TV,51,Finished Airing,"Oct 4, 2003 to Oct 2, 2004",Fall 2003,Saturdays at 18:00 (JST),"Aniplex, Dentsu, Square Enix, Mainichi Broadcasting System","Funimation, Aniplex of America",Bones,Manga,"ActionAction, AdventureAdventure, Award WinningAward Winning, DramaDrama, FantasyFantasy",ShounenShounen,24 min. per ep.,R - 17+ (violence & profanity)
8.109999657,305,482,669,Hell's Paradise,TV,13,Finished Airing,"Apr 1, 2023 to Jul 1, 2023",Spring 2023,Saturdays at 23:00 (JST),Twin Engine,"None found, add some",MAPPA,Manga,"ActionAction, AdventureAdventure, FantasyFantasy",ShounenShounen,24 min. per ep.,R - 17+ (violence & profanity)
8.109999657,316,486,656,Kamisama Kiss,TV,13,Finished Airing,"Oct 2, 2012 to Dec 25, 2012",Fall 2012,Tuesdays at 02:05 (JST),"TV Tokyo, Dentsu, Sotsu, Pony Canyon, Hakusensha, DAX Production",Funimation,TMS Entertainment,Manga,"ComedyComedy, FantasyFantasy, RomanceRomance",ShoujoShoujo,24 min. per ep.,PG-13 - Teens 13 or older
8.109999657,2997,490,53,Black Butler: Public School Arc,TV,11,Currently Airing,"Apr 13, 2024 to ?",Spring 2024,Saturdays at 23:30 (JST),"Aniplex, Square Enix, Magic Capsule, Crunchyroll","None found, add some",CloverWorks,Manga,"ActionAction, FantasyFantasy, MysteryMystery",ShounenShounen,24 min. per ep.,R - 17+ (violence & profanity)
8.100000381,114,504,1,JoJo's Bizarre Adventure: Stardust Crusaders,TV,24,Finished Airing,"Apr 5, 2014 to Sep 13, 2014",Spring 2014,Saturdays at 00:30 (JST),"Yomiko Advertising, Warner Bros. Japan, KlockWorx, Medicos Entertainment, Shueisha",VIZ Media,David Production,Manga,"ActionAction, AdventureAdventure, SupernaturalSupernatural",ShounenShounen,24 min. per ep.,R - 17+ (violence & profanity)
8.090000153,958,512,253,Shangri-La Frontier,TV,25,Finished Airing,"Oct 1, 2023 to Mar 31, 2024",Fall 2023,Sundays at 17:00 (JST),"Dentsu, Mainichi Broadcasting System, Kodansha, flying DOG, Sammy, Crunchyroll, Tencent Japan, Netmarble","None found, add some",C2C,Manga,"ActionAction, AdventureAdventure, FantasyFantasy",ShounenShounen,25 min. per ep.,PG-13 - Teens 13 or older
8.090000153,1090,514,221,Delicious in Dungeon,TV,24,Currently Airing,"Jan 4, 2024 to ?",Winter 2024,Thursdays at 22:30 (JST),"Ultra Super Pictures, Good Smile Company, Tencent Japan, Kadokawa","None found, add some",Trigger,Manga,"ComedyComedy, FantasyFantasy, GourmetGourmet",SeinenSeinen,25 min. per ep.,PG-13 - Teens 13 or older
8.079999924,33,517,2,Assassination Classroom,TV,22,Finished Airing,"Jan 10, 2015 to Jun 20, 2015",Winter 2015,Saturdays at 00:55 (JST),"Dentsu, Studio Hibari, Fuji TV, DAX Production, BS Fuji, Avex Pictures, Shueisha",Funimation,Lerche,Manga,"ActionAction, ComedyComedy",ShounenShounen,23 min. per ep.,PG-13 - Teens 13 or older
8.079999924,880,521,275,To Your Eternity Season 2,TV,20,Finished Airing,"Oct 23, 2022 to Mar 12, 2023",Fall 2022,Sundays at 19:00 (JST),"NHK, Kodansha, NHK Enterprises","None found, add some",Drive,Manga,"AdventureAdventure, DramaDrama, SupernaturalSupernatural",ShounenShounen,25 min. per ep.,R - 17+ (violence & profanity)
8.079999924,3528,524,40,Glass Mask,TV,51,Finished Airing,"Apr 6, 2005 to Mar 29, 2006",Spring 2005,Unknown,"TMS Entertainment, MediaNet",Sentai Filmworks,Tokyo Movie Shinsha,Manga,"DramaDrama, RomanceRomance",ShoujoShoujo,23 min. per ep.,G - All Ages
8.079999924,1634,525,138,Hikaru no Go,TV,75,Finished Airing,"Oct 10, 2001 to Mar 26, 2003",Fall 2001,Unknown,"TV Tokyo, Dentsu, Dream Force",VIZ Media,Pierrot,Manga,"ComedyComedy, DramaDrama, SupernaturalSupernatural",ShounenShounen,23 min. per ep.,PG-13 - Teens 13 or older
8.079999924,126,527,1,Food Wars! The Second Plate,TV,13,Finished Airing,"Jul 2, 2016 to Sep 24, 2016",Summer 2016,Saturdays at 22:00 (JST),"Dentsu, Lantis, Mainichi Broadcasting System, KlockWorx, Showgate, Shueisha",Sentai Filmworks,J.C.Staff,Manga,"GourmetGourmet, EcchiEcchi",ShounenShounen,24 min. per ep.,PG-13 - Teens 13 or older
8.079999924,896,528,270,Skip Beat!,TV,25,Finished Airing,"Oct 6, 2008 to Mar 30, 2009",Fall 2008,Mondays at 02:00 (JST),"Sotsu, Pony Canyon, Hakusensha, TV Tokyo Music",Pied Piper,HAL Film Maker,Manga,"ComedyComedy, DramaDrama, RomanceRomance",ShoujoShoujo,24 min. per ep.,PG-13 - Teens 13 or older
8.079999924,787,529,304,Astra Lost in Space,TV,12,Finished Airing,"Jul 3, 2019 to Sep 18, 2019",Summer 2019,Wednesdays at 21:00 (JST),"AT-X, Docomo Anime Store, Shueisha, Kadokawa Media House, Kadokawa",Funimation,Lerche,Manga,"AdventureAdventure, Award WinningAward Winning, MysteryMystery, Sci-FiSci-Fi, SuspenseSuspense",ShounenShounen,28 min. per ep.,PG-13 - Teens 13 or older
8.069999695,2611,536,69,Kodocha,TV,102,Finished Airing,"Apr 5, 1996 to Mar 27, 1998",Spring 1996,Fridays at 18:00 (JST),"TV Tokyo, Nihon Ad Systems, Pony Canyon","Funimation, Discotek Media",Gallop,Manga,"ComedyComedy, DramaDrama, RomanceRomance",ShoujoShoujo,24 min. per ep.,PG-13 - Teens 13 or older
8.06000042,562,552,405,Black Butler: Book of Circus,TV,10,Finished Airing,"Jul 11, 2014 to Sep 12, 2014",Summer 2014,Fridays at 02:19 (JST),"Aniplex, Square Enix, Mainichi Broadcasting System, Movic, Asmik Ace, Hakuhodo DY Media Partners, DeNA",Funimation,A-1 Pictures,Manga,"ActionAction, FantasyFantasy, MysteryMystery",ShounenShounen,24 min. per ep.,R - 17+ (violence & profanity)
8.06000042,175,554,929,The Ancient Magus' Bride,TV,24,Finished Airing,"Oct 8, 2017 to Mar 25, 2018",Fall 2017,Sundays at 01:30 (JST),"Production I.G, Shochiku, flying DOG, Mag Garden",Funimation,Wit Studio,Manga,"DramaDrama, FantasyFantasy, RomanceRomance",ShounenShounen,24 min. per ep.,PG-13 - Teens 13 or older
8.050000191,282,560,712,The Quintessential Quintuplets 2,TV,12,Finished Airing,"Jan 8, 2021 to Mar 26, 2021",Winter 2021,Fridays at 01:28 (JST),"Pony Canyon, Kodansha, DAX Production, BS11, Nichion, GYAO!, Good Smile Film, MAGNET","None found, add some",Bibury Animation Studios,Manga,"ComedyComedy, RomanceRomance",ShounenShounen,24 min. per ep.,PG-13 - Teens 13 or older
8.050000191,793,573,303,KenIchi: The Mightiest Disciple,TV,50,Finished Airing,"Oct 8, 2006 to Sep 30, 2007",Fall 2006,Sundays at 00:55 (JST),"TV Tokyo, Tokyo Movie Shinsha, Shogakukan","Funimation, Discotek Media",TMS Entertainment,Manga,"ActionAction, ComedyComedy",ShounenShounen,24 min. per ep.,PG-13 - Teens 13 or older
8.039999962,751,576,318,Welcome to Demon School! Iruma-kun Season 2,TV,21,Finished Airing,"Apr 17, 2021 to Sep 11, 2021",Spring 2021,Saturdays at 17:35 (JST),"NHK, NHK Enterprises","None found, add some",Bandai Namco Pictures,Manga,"ComedyComedy, FantasyFantasy",ShounenShounen,24 min. per ep.,PG-13 - Teens 13 or older
8.029999733,369,594,591,Lovely Complex,TV,24,Finished Airing,"Apr 7, 2007 to Sep 29, 2007",Spring 2007,Unknown,"TBS, TAP, Sony Music Entertainment, Shueisha, Nichion",Discotek Media,Toei Animation,Manga,"ComedyComedy, RomanceRomance",ShoujoShoujo,24 min. per ep.,PG-13 - Teens 13 or older
8.029999733,208,596,854,Yona of the Dawn,TV,24,Finished Airing,"Oct 7, 2014 to Mar 24, 2015",Fall 2014,Tuesdays at 23:00 (JST),"VAP, Hakusensha, AT-X, Delfi Sound, Marvelous AQL, Tokyo MX, Age Global Networks, Docomo Anime Store, Top-Insight International",Funimation,Pierrot,Manga,"ActionAction, AdventureAdventure, FantasyFantasy, RomanceRomance",ShoujoShoujo,24 min. per ep.,PG-13 - Teens 13 or older
8.029999733,4236,602,27,Silver Fang,TV,21,Finished Airing,"Apr 7, 1986 to Aug 22, 1986",Spring 1986,Saturdays at Unknown,TV Asahi,"None found, add some",Toei Animation,Manga,"ActionAction, AdventureAdventure, DramaDrama",ShounenShounen,23 min. per ep.,PG-13 - Teens 13 or older
8.020000458,3461,618,41,Tales of Saiunkoku,TV,39,Finished Airing,"Apr 7, 2007 to Mar 8, 2008",Spring 2007,Unknown,"NHK, Sogo Vision","None found, add some",Madhouse,Light novel,"AdventureAdventure, FantasyFantasy, RomanceRomance",ShoujoShoujo,25 min. per ep.,PG-13 - Teens 13 or older
8.010000229,164,620,948,Kimi ni Todoke: From Me to You,TV,25,Finished Airing,"Oct 7, 2009 to Mar 31, 2010",Fall 2009,Wednesdays at 00:59 (JST),"VAP, Nippon Television Network, Shueisha","NIS America, Inc.",Production I.G,Manga,"DramaDrama, RomanceRomance",ShoujoShoujo,22 min. per ep.,PG-13 - Teens 13 or older
8.010000229,146,621,1,Magi: The Labyrinth of Magic,TV,25,Finished Airing,"Oct 7, 2012 to Mar 31, 2013",Fall 2012,Sundays at 17:00 (JST),"Aniplex, Dentsu, Shogakukan-Shueisha Productions, Mainichi Broadcasting System, Movic, GYAO!",Aniplex of America,A-1 Pictures,Manga,"ActionAction, AdventureAdventure, FantasyFantasy",ShounenShounen,24 min. per ep.,PG-13 - Teens 13 or older
8.010000229,1830,622,119,Shadows House 2nd Season,TV,12,Finished Airing,"Jul 9, 2022 to Sep 24, 2022",Summer 2022,Saturdays at 00:00 (JST),"Aniplex, WOWOW, Tokyo MX, Shueisha, BS Asahi","None found, add some",CloverWorks,Manga,"FantasyFantasy, MysteryMystery",SeinenSeinen,23 min. per ep.,PG-13 - Teens 13 or older
8.010000229,289,626,692,D.Gray-man,TV,103,Finished Airing,"Oct 3, 2006 to Sep 30, 2008",Fall 2006,Tuesdays at 18:00 (JST),"TV Tokyo, Aniplex, Dentsu, Half H.P Studio, Sony Music Entertainment, Studio Jack",Funimation,TMS Entertainment,Manga,"ActionAction, AdventureAdventure, FantasyFantasy",ShounenShounen,23 min. per ep.,PG-13 - Teens 13 or older
7.989999771,160,649,973,Food Wars! The Third Plate,TV,12,Finished Airing,"Oct 4, 2017 to Dec 20, 2017",Fall 2017,Wednesdays at 00:30 (JST),"Lantis, Warner Bros. Japan, KlockWorx, Shueisha",Sentai Filmworks,J.C.Staff,Manga,"GourmetGourmet, EcchiEcchi",ShounenShounen,24 min. per ep.,PG-13 - Teens 13 or older
7.989999771,681,652,346,The World God Only Knows: Goddesses,TV,12,Finished Airing,"Jul 9, 2013 to Sep 24, 2013",Summer 2013,Tuesdays at 01:35 (JST),"TV Tokyo, Geneon Universal Entertainment, Shogakukan, Imagine",Sentai Filmworks,Manglobe,Manga,"ComedyComedy, RomanceRomance, SupernaturalSupernatural",ShounenShounen,24 min. per ep.,PG-13 - Teens 13 or older
7.989999771,463,653,484,Kimi ni Todoke: From Me to You Season 2,TV,12,Finished Airing,"Jan 12, 2011 to Mar 30, 2011",Winter 2011,Wednesdays at 00:59 (JST),"VAP, Nippon Television Network, Shueisha","NIS America, Inc.",Production I.G,Manga,"DramaDrama, RomanceRomance",ShoujoShoujo,23 min. per ep.,PG-13 - Teens 13 or older
7.989999771,2541,655,72,Sacrificial Princess and the King of Beasts,TV,24,Finished Airing,"Apr 20, 2023 to Sep 28, 2023",Spring 2023,Thursdays at 00:00 (JST),"Pony Canyon, Hakusensha, BS11, Crunchyroll, Contents Seed, WOWMAX","None found, add some",J.C.Staff,Manga,"FantasyFantasy, RomanceRomance",ShoujoShoujo,23 min. per ep.,PG-13 - Teens 13 or older
7.980000019,1444,660,162,School Rumble: 2nd Semester,TV,26,Finished Airing,"Apr 3, 2006 to Sep 25, 2006",Spring 2006,Unknown,"Sotsu, Marvelous Entertainment, Studio Jack",Funimation,Studio Comet,Manga,"ComedyComedy, RomanceRomance",ShounenShounen,24 min. per ep.,PG-13 - Teens 13 or older
7.980000019,745,665,321,xxxHOLiC,TV,24,Finished Airing,"Apr 7, 2006 to Sep 29, 2006",Spring 2006,Unknown,"TBS, BMG Japan, Kids Station, Kodansha, Movic",Funimation,Production I.G,Manga,"ComedyComedy, DramaDrama, MysteryMystery, SupernaturalSupernatural",SeinenSeinen,24 min. per ep.,PG-13 - Teens 13 or older
7.96999979,375,669,586,Call of the Night,TV,13,Finished Airing,"Jul 8, 2022 to Sep 30, 2022",Summer 2022,Fridays at 00:55 (JST),"Aniplex, Dentsu, Shogakukan-Shueisha Productions, Animax, Fuji TV, Ultra Super Pictures, Shogakukan, Fuji Creative, Tohan Corporation",Sentai Filmworks,LIDENFILMS,Manga,"RomanceRomance, SupernaturalSupernatural",ShounenShounen,22 min. per ep.,PG-13 - Teens 13 or older
7.96999979,1129,674,214,Sleepy Princess in the Demon Castle,TV,12,Finished Airing,"Oct 6, 2020 to Dec 22, 2020",Fall 2020,Tuesdays at 02:00 (JST),"Lantis, FuRyu",Funimation,Doga Kobo,Manga,"ComedyComedy, FantasyFantasy",ShounenShounen,23 min. per ep.,PG-13 - Teens 13 or older
7.96999979,653,678,360,Snow White with the Red Hair 2,TV,12,Finished Airing,"Jan 12, 2016 to Mar 29, 2016",Winter 2016,Tuesdays at 00:00 (JST),"Hakusensha, Warner Bros. Japan, KlockWorx, Showgate",Funimation,Bones,Manga,"DramaDrama, FantasyFantasy, RomanceRomance",ShoujoShoujo,24 min. per ep.,PG-13 - Teens 13 or older
7.96999979,148,681,1,Dragon Ball,TV,153,Finished Airing,"Feb 26, 1986 to Apr 12, 1989",Winter 1986,Wednesdays at 19:00 (JST),"Fuji TV, Shueisha",Funimation,Toei Animation,Manga,"ActionAction, AdventureAdventure, ComedyComedy, FantasyFantasy",ShounenShounen,24 min. per ep.,PG-13 - Teens 13 or older
7.96999979,1706,687,131,Fist of the North Star,TV,109,Finished Airing,"Oct 11, 1984 to Mar 5, 1987",Fall 1984,Thursdays at 19:00 (JST),Fuji TV,"Discotek Media, Manga Entertainment",Toei Animation,Manga,"ActionAction, DramaDrama, Sci-FiSci-Fi",ShounenShounen,25 min. per ep.,R+ - Mild Nudity
7.960000038,1904,692,113,Sailor Moon Sailor Stars,TV,34,Finished Airing,"Mar 9, 1996 to Feb 8, 1997",Spring 1996,Unknown,"TV Asahi, Toei Advertising",VIZ Media,Toei Animation,Manga,"AdventureAdventure, ComedyComedy, DramaDrama, FantasyFantasy, RomanceRomance",ShoujoShoujo,24 min. per ep.,PG-13 - Teens 13 or older
7.949999809,27,705,2,Noragami,TV,12,Finished Airing,"Jan 5, 2014 to Mar 23, 2014",Winter 2014,Sundays at 23:30 (JST),"Avex Entertainment, Dentsu, Shochiku, Kodansha, Movic, Ai Addiction Inc., Lawson HMV Entertainment, A-Sketch",Funimation,Bones,Manga,"ActionAction, FantasyFantasy",ShounenShounen,24 min. per ep.,PG-13 - Teens 13 or older
7.949999809,1951,709,110,Searching for the Full Moon,TV,52,Finished Airing,"Apr 6, 2002 to Mar 29, 2003",Spring 2002,Saturdays at 07:30 (JST),Nihon Ad Systems,VIZ Media,Studio Deen,Manga,"ComedyComedy, DramaDrama, RomanceRomance, SupernaturalSupernatural",ShoujoShoujo,24 min. per ep.,PG-13 - Teens 13 or older
7.949999809,278,711,721,Food Wars! The Third Plate: Totsuki Train Arc,TV,12,Finished Airing,"Apr 9, 2018 to Jun 25, 2018",Spring 2018,Mondays at 00:30 (JST),Shueisha,Sentai Filmworks,J.C.Staff,Manga,"GourmetGourmet, EcchiEcchi",ShounenShounen,24 min. per ep.,PG-13 - Teens 13 or older
7.949999809,977,714,248,Wagnaria!!3,TV,13,Finished Airing,"Jul 5, 2015 to Sep 27, 2015",Summer 2015,Sundays at 00:30 (JST),Aniplex,Aniplex of America,A-1 Pictures,4-koma manga,"ComedyComedy, RomanceRomance",SeinenSeinen,23 min. per ep.,PG-13 - Teens 13 or older
7.940000057,1435,722,163,Nura: Rise of the Yokai Clan - Demon Capital,TV,24,Finished Airing,"Jul 3, 2011 to Dec 18, 2011",Summer 2011,Sundays at 17:30 (JST),"Yomiuri Telecasting, Yomiko Advertising, Pony Canyon, TOHO, Shueisha, BS11, Imagine",VIZ Media,Studio Deen,Manga,"ActionAction, SupernaturalSupernatural",ShounenShounen,23 min. per ep.,PG-13 - Teens 13 or older
7.940000057,39,724,1,Bleach,TV,366,Finished Airing,"Oct 5, 2004 to Mar 27, 2012",Fall 2004,Tuesdays at 18:00 (JST),"TV Tokyo, Aniplex, Dentsu, TV Tokyo Music, Shueisha",VIZ Media,Pierrot,Manga,"ActionAction, AdventureAdventure, FantasyFantasy",ShounenShounen,24 min. per ep.,PG-13 - Teens 13 or older
7.940000057,5302,726,15,Galaxy Warring State Chronicle Rai,TV,52,Finished Airing,"Apr 8, 1994 to Mar 31, 1995",Spring 1994,Fridays at 18:30 (JST),"TV Tokyo, SoftX",Enoki Films,E&G Films,Manga,"AdventureAdventure, RomanceRomance, Sci-FiSci-Fi",ShounenShounen,25 min. per ep.,PG-13 - Teens 13 or older
7.929999828,106,734,1,Tokyo Revengers,TV,24,Finished Airing,"Apr 11, 2021 to Sep 19, 2021",Spring 2021,Sundays at 02:08 (JST),"Mainichi Broadcasting System, Pony Canyon, Kodansha, AT-X, Ultra Super Pictures, Studio Mausu, Sammy","None found, add some",LIDENFILMS,Manga,"ActionAction, DramaDrama, SupernaturalSupernatural",ShounenShounen,23 min. per ep.,R - 17+ (violence & profanity)
7.920000076,2249,747,88,You and Me 2,TV,13,Finished Airing,"Apr 3, 2012 to Jun 26, 2012",Spring 2012,Tuesdays at 01:30 (JST),"TV Tokyo, Aniplex, Square Enix, Nihon Ad Systems, Movic","None found, add some",J.C.Staff,Manga,"ComedyComedy, RomanceRomance",ShounenShounen,24 min. per ep.,PG-13 - Teens 13 or older
7.909999847,1555,762,147,Sailor Moon S,TV,38,Finished Airing,"Mar 19, 1994 to Feb 25, 1995",Spring 1994,Unknown,"TV Asahi, Toei Advertising","VIZ Media, Geneon Entertainment USA",Toei Animation,Manga,"FantasyFantasy, RomanceRomance",ShoujoShoujo,24 min. per ep.,PG-13 - Teens 13 or older
7.909999847,2565,768,71,Lupin the Third Part 4,TV,24,Finished Airing,"Oct 2, 2015 to Mar 18, 2016",Fall 2015,Fridays at 01:29 (JST),"TMS Entertainment, TMS Music",Discotek Media,Telecom Animation Film,Manga,"ActionAction, AdventureAdventure, ComedyComedy, MysteryMystery",SeinenSeinen,25 min. per ep.,PG-13 - Teens 13 or older
7.909999847,2100,777,98,Yakitate!! Japan,TV,69,Finished Airing,"Oct 12, 2004 to Mar 14, 2006",Fall 2004,Unknown,"TV Tokyo, Aniplex, d-rights, Tohokushinsha Film Corporation, Atelier Musa",Nozomi Entertainment,Sunrise,Manga,"ComedyComedy, GourmetGourmet",ShounenShounen,24 min. per ep.,PG-13 - Teens 13 or older
7.900000095,418,785,532,The Case Study of Vanitas,TV,12,Finished Airing,"Jul 3, 2021 to Sep 18, 2021",Summer 2021,Saturdays at 00:00 (JST),"Aniplex, Square Enix, Hakuhodo DY Music & Pictures, Contents Seed",Funimation,Bones,Manga,"ActionAction, FantasyFantasy, MysteryMystery",ShounenShounen,23 min. per ep.,R - 17+ (violence & profanity)
7.900000095,363,790,597,Blast of Tempest,TV,24,Finished Airing,"Oct 5, 2012 to Mar 29, 2013",Fall 2012,Fridays at 02:00 (JST),"Aniplex, Dentsu, Square Enix, Mainichi Broadcasting System, Yahoo! Japan",Aniplex of America,Bones,Manga,"ActionAction, DramaDrama, FantasyFantasy, MysteryMystery, SuspenseSuspense",ShounenShounen,24 min. per ep.,PG-13 - Teens 13 or older
7.900000095,3511,793,40,Berserk: The Golden Age Arc - Memorial Edition,TV,13,Finished Airing,"Oct 2, 2022 to Dec 25, 2022",Fall 2022,Sundays at 00:30 (JST),"Aniplex, VAP, Hakusensha, Movic, Yahoo! Japan, Good Smile Company, Beyond C., KDDI, Rialto Entertainment","None found, add some",Studio 4�C,Manga,"ActionAction, AdventureAdventure, DramaDrama, FantasyFantasy, HorrorHorror",SeinenSeinen,25 min. per ep.,R+ - Mild Nudity
7.900000095,300,800,675,My Love Story!!,TV,24,Finished Airing,"Apr 9, 2015 to Sep 24, 2015",Spring 2015,Thursdays at 01:29 (JST),"VAP, Nippon Television Network, Shueisha",Sentai Filmworks,Madhouse,Manga,"ComedyComedy, RomanceRomance",ShoujoShoujo,22 min. per ep.,PG-13 - Teens 13 or older
7.889999866,2257,805,87,The Ancient Magus' Bride Season 2 Part 2,TV,12,Finished Airing,"Oct 5, 2023 to Dec 21, 2023",Fall 2023,Thursdays at 22:00 (JST),"flying DOG, bilibili, Mag Garden, Chiptune, Twin Engine","None found, add some",Studio Kafka,Manga,"DramaDrama, FantasyFantasy, RomanceRomance",ShounenShounen,24 min. per ep.,PG-13 - Teens 13 or older
7.889999866,729,808,328,School Rumble,TV,26,Finished Airing,"Oct 5, 2004 to Mar 29, 2005",Fall 2004,Tuesdays at 18:00 (JST),"TV Tokyo, Sotsu, Marvelous Entertainment, Starchild Records, Media Factory, DAX Production, Studio Jack",Funimation,Studio Comet,Manga,"ComedyComedy, RomanceRomance",ShounenShounen,23 min. per ep.,PG-13 - Teens 13 or older
7.889999866,1692,814,132,Ushio & Tora (2016),TV,13,Finished Airing,"Apr 1, 2016 to Jun 24, 2016",Spring 2016,Fridays at 22:30 (JST),"Sotsu, Showgate, Tokuma Japan Communications, Daiichi Shokai",Sentai Filmworks,"MAPPA, Studio VOLN",Manga,"ActionAction, AdventureAdventure, SupernaturalSupernatural",ShounenShounen,24 min. per ep.,PG-13 - Teens 13 or older
7.889999866,383,816,568,Drifters,TV,12,Finished Airing,"Oct 7, 2016 to Dec 23, 2016",Fall 2016,Fridays at 23:00 (JST),NBCUniversal Entertainment Japan,Funimation,Hoods Entertainment,Manga,"ActionAction, AdventureAdventure, ComedyComedy, FantasyFantasy",SeinenSeinen,23 min. per ep.,R - 17+ (violence & profanity)
7.889999866,3207,818,47,Hozuki's Coolheadedness 2,TV,13,Finished Airing,"Oct 8, 2017 to Dec 31, 2017",Fall 2017,Sundays at 01:00 (JST),"Kodansha, King Records",Sentai Filmworks,Studio Deen,Manga,"ComedyComedy, FantasyFantasy",SeinenSeinen,23 min. per ep.,PG-13 - Teens 13 or older
7.889999866,5276,819,16,Nobody's Boy Remi,TV,51,Finished Airing,"Oct 2, 1977 to Oct 1, 1978",Fall 1977,Unknown,ImaginAsian Entertainment,"None found, add some","Madhouse, TMS Entertainment",Novel,"AdventureAdventure, DramaDrama",KidsKids,24 min. per ep.,G - All Ages
7.889999866,1237,820,193,Jormungand Season 2: Perfect Order,TV,12,Finished Airing,"Oct 10, 2012 to Dec 26, 2012",Fall 2012,Tuesdays at 00:30 (JST),"Geneon Universal Entertainment, Shogakukan-Shueisha Productions, Half H.P Studio",Funimation,White Fox,Manga,"ActionAction, AdventureAdventure",SeinenSeinen,24 min. per ep.,R+ - Mild Nudity
7.880000114,590,825,391,Golden Kamuy,TV,12,Finished Airing,"Apr 9, 2018 to Jun 25, 2018",Spring 2018,Mondays at 23:00 (JST),"Magic Capsule, NBCUniversal Entertainment Japan, Tokyo MX, Good Smile Company, Sammy, Shueisha, JR East Marketing & Communications, Twin Engine",Funimation,Geno Studio,Manga,"ActionAction, AdventureAdventure",SeinenSeinen,23 min. per ep.,R - 17+ (violence & profanity)
7.880000114,59,828,1,JoJo's Bizarre Adventure (2012),TV,26,Finished Airing,"Oct 6, 2012 to Apr 6, 2013",Fall 2012,Saturdays at 00:30 (JST),"Yomiko Advertising, Warner Bros. Japan, KlockWorx, Medicos Entertainment, Shueisha","VIZ Media, Warner Bros. Pictures",David Production,Manga,"ActionAction, AdventureAdventure, SupernaturalSupernatural",ShounenShounen,24 min. per ep.,R - 17+ (violence & profanity)
7.880000114,3197,836,47,Dear Brother,TV,39,Finished Airing,"Jul 14, 1991 to May 31, 1992",Summer 1991,Sundays at Unknown,NHK,Discotek Media,Tezuka Productions,Manga,"DramaDrama, Girls LoveGirls Love",ShoujoShoujo,25 min. per ep.,PG-13 - Teens 13 or older
7.880000114,2116,839,97,The Story of Saiunkoku,TV,39,Finished Airing,"Apr 8, 2006 to Feb 24, 2007",Spring 2006,Unknown,"NHK, Sogo Vision","Funimation, Geneon Entertainment USA",Madhouse,Light novel,"AdventureAdventure, FantasyFantasy, RomanceRomance",ShoujoShoujo,25 min. per ep.,PG-13 - Teens 13 or older
7.869999886,266,846,742,TONIKAWA: Over The Moon For You,TV,12,Finished Airing,"Oct 3, 2020 to Dec 19, 2020",Fall 2020,Saturdays at 01:05 (JST),"Shogakukan-Shueisha Productions, Warner Bros. Japan, KlockWorx, Shogakukan, Crunchyroll","None found, add some",Seven Arcs,Manga,"ComedyComedy, RomanceRomance",ShounenShounen,23 min. per ep.,PG-13 - Teens 13 or older
7.869999886,593,854,390,The World God Only Knows II,TV,12,Finished Airing,"Apr 12, 2011 to Jun 28, 2011",Spring 2011,Tuesdays at 01:30 (JST),"TV Tokyo, Geneon Universal Entertainment",Sentai Filmworks,Manglobe,Manga,"ComedyComedy, RomanceRomance, SupernaturalSupernatural",ShounenShounen,23 min. per ep.,PG-13 - Teens 13 or older
7.869999886,808,857,299,Mashle: Magic and Muscles - The Divine Visionary Candidate Exam Arc,TV,12,Finished Airing,"Jan 6, 2024 to Mar 30, 2024",Winter 2024,Saturdays at 23:30 (JST),"Aniplex, Shueisha, ADK, INSPION Edge","None found, add some",A-1 Pictures,Manga,"ActionAction, ComedyComedy, FantasyFantasy",ShounenShounen,23 min. per ep.,PG-13 - Teens 13 or older
7.860000134,1068,871,227,Paradise Kiss,TV,12,Finished Airing,"Oct 14, 2005 to Dec 30, 2005",Fall 2005,Fridays at 00:35 (JST),"Aniplex, Dentsu, Fuji TV, Shodensha",Geneon Entertainment USA,Madhouse,Manga,"DramaDrama, RomanceRomance",JoseiJosei,24 min. per ep.,R - 17+ (violence & profanity)
7.860000134,4114,880,29,Hozuki's Coolheadedness 2: Part 2,TV,13,Finished Airing,"Apr 8, 2018 to Jul 1, 2018",Spring 2018,Sundays at 01:00 (JST),"None found, add some",Sentai Filmworks,Studio Deen,Manga,"ComedyComedy, FantasyFantasy",SeinenSeinen,23 min. per ep.,PG-13 - Teens 13 or older
7.860000134,238,881,797,InuYasha,TV,167,Finished Airing,"Oct 16, 2000 to Sep 13, 2004",Fall 2000,Mondays at 19:00 (JST),"Shogakukan-Shueisha Productions, Yomiuri Telecasting",VIZ Media,Sunrise,Manga,"ActionAction, AdventureAdventure, FantasyFantasy, RomanceRomance",ShounenShounen,24 min. per ep.,PG-13 - Teens 13 or older
7.849999905,365,883,596,Beelzebub,TV,60,Finished Airing,"Jan 9, 2011 to Mar 25, 2012",Winter 2011,Sundays at 07:00 (JST),"Pierrot, Dentsu, Yomiuri Telecasting, Shueisha",Discotek Media,Pierrot Plus,Manga,"ActionAction, ComedyComedy, SupernaturalSupernatural",ShounenShounen,24 min. per ep.,PG-13 - Teens 13 or older
7.840000153,63,900,1,Soul Eater,TV,51,Finished Airing,"Apr 7, 2008 to Mar 30, 2009",Spring 2008,Mondays at 18:00 (JST),"TV Tokyo, Aniplex, Dentsu, Media Factory",Funimation,Bones,Manga,"ActionAction, ComedyComedy, FantasyFantasy",ShounenShounen,23 min. per ep.,PG-13 - Teens 13 or older
7.840000153,1312,901,181,Trigun Stampede,TV,12,Finished Airing,"Jan 7, 2023 to Mar 25, 2023",Winter 2023,Saturdays at 23:00 (JST),TOHO,"None found, add some",Orange,Manga,"ActionAction, AdventureAdventure, Sci-FiSci-Fi",ShounenShounen,23 min. per ep.,PG-13 - Teens 13 or older
7.840000153,1717,906,130,Dark Gathering,TV,25,Finished Airing,"Jul 10, 2023 to Dec 25, 2023",Summer 2023,Mondays at 01:05 (JST),"Sotsu, Pony Canyon, Kansai Telecasting, NetEase, BS Asahi, CHOCOLATE",Sentai Filmworks,OLM,Manga,"HorrorHorror, SupernaturalSupernatural",ShounenShounen,23 min. per ep.,R - 17+ (violence & profanity)
7.840000153,466,914,481,Magi: Adventure of Sinbad,TV,13,Finished Airing,"Apr 16, 2016 to Jul 2, 2016",Spring 2016,Saturdays at 02:25 (JST),"Aniplex, Mainichi Broadcasting System, Shogakukan","None found, add some",Lay-duce,Manga,"ActionAction, AdventureAdventure, FantasyFantasy",ShounenShounen,24 min. per ep.,PG-13 - Teens 13 or older
7.840000153,1488,915,156,Outlaw Star,TV,24,Finished Airing,"Jan 9, 1998 to Jun 26, 1998",Winter 1998,Fridays at 01:15 (JST),"Sotsu, Victor Entertainment","Funimation, Bandai Entertainment",Sunrise,Manga,"ActionAction, AdventureAdventure, ComedyComedy, Sci-FiSci-Fi",SeinenSeinen,25 min. per ep.,R+ - Mild Nudity
7.829999924,430,930,516,Zom 100: Bucket List of the Dead,TV,12,Finished Airing,"Jul 9, 2023 to Dec 26, 2023",Summer 2023,Sundays at 17:00 (JST),"Shogakukan-Shueisha Productions, VIZ Media, Shogakukan, dugout","None found, add some",BUG FILMS,Manga,"ActionAction, ComedyComedy, HorrorHorror, SupernaturalSupernatural, SuspenseSuspense",SeinenSeinen,24 min. per ep.,R - 17+ (violence & profanity)
7.829999924,4552,932,23,Baby and Me,TV,35,Finished Airing,"Jul 11, 1996 to Mar 26, 1997",Summer 1996,Wednesdays at 18:00 (JST),"TV Tokyo, Youmex, Yomiuri Advertising","None found, add some",Pierrot,Manga,"ComedyComedy, DramaDrama",ShoujoShoujo,25 min. per ep.,G - All Ages
7.820000172,4219,945,27,Emma: A Victorian Romance Season Two,TV,12,Finished Airing,"Apr 17, 2007 to Jul 3, 2007",Spring 2007,Unknown,"None found, add some",Nozomi Entertainment,Ajia-do,Manga,"DramaDrama, RomanceRomance",SeinenSeinen,25 min. per ep.,G - All Ages
7.820000172,3795,950,34,Har�+Guu,TV,26,Finished Airing,"Apr 3, 2001 to Sep 25, 2001",Spring 2001,Tuesdays at 18:00 (JST),"Bandai Visual, Sotsu","Funimation, AN Entertainment",Shin-Ei Animation,Manga,"ComedyComedy, Slice of LifeSlice of Life",ShounenShounen,23 min. per ep.,PG-13 - Teens 13 or older
7.820000172,3869,954,33,Magical Circle,TV,24,Finished Airing,"Jul 11, 2017 to Dec 20, 2017",Summer 2017,Wednesdays at 01:35 (JST),"TV Tokyo, Square Enix, Lantis, Kadokawa Shoten, AT-X, Magic Capsule, Sony Music Communications","None found, add some",Production I.G,Manga,"AdventureAdventure, ComedyComedy, FantasyFantasy",ShounenShounen,24 min. per ep.,PG-13 - Teens 13 or older
7.820000172,1266,955,189,Welcome to Demon School! Iruma-kun Season 3,TV,21,Finished Airing,"Oct 8, 2022 to Mar 4, 2023",Fall 2022,Saturdays at 18:25 (JST),"NHK, NHK Enterprises","None found, add some",Bandai Namco Pictures,Manga,"ComedyComedy, FantasyFantasy",ShounenShounen,24 min. per ep.,PG-13 - Teens 13 or older
7.820000172,565,965,403,Dusk Maiden of Amnesia,TV,12,Finished Airing,"Apr 9, 2012 to Jun 25, 2012",Spring 2012,Mondays at 00:30 (JST),"Square Enix, Media Factory",Sentai Filmworks,SILVER LINK.,Manga,"HorrorHorror, MysteryMystery, RomanceRomance, SupernaturalSupernatural",ShounenShounen,23 min. per ep.,R - 17+ (violence & profanity)
7.809999943,92,975,1,Bungo Stray Dogs,TV,12,Finished Airing,"Apr 7, 2016 to Jun 23, 2016",Spring 2016,Thursdays at 01:05 (JST),"Lantis, Movic, KlockWorx, Bandai Namco Live Creative, Glovision, Lawson HMV Entertainment, Sony PCL, Kadokawa","Funimation, Crunchyroll",Bones,Manga,"ActionAction, MysteryMystery, SupernaturalSupernatural",SeinenSeinen,23 min. per ep.,R - 17+ (violence & profanity)
7.809999943,250,976,769,Fire Force Season 2,TV,24,Finished Airing,"Jul 4, 2020 to Dec 12, 2020",Summer 2020,Saturdays at 01:55 (JST),"Mainichi Broadcasting System, Kodansha, bilibili, DMM pictures, DMM Music",Funimation,David Production,Manga,"ActionAction, FantasyFantasy, Sci-FiSci-Fi",ShounenShounen,24 min. per ep.,PG-13 - Teens 13 or older
7.809999943,1165,982,207,"The 100 Girlfriends Who Really, Really, Really, Really, Really Love You",TV,12,Finished Airing,"Oct 8, 2023 to Dec 24, 2023",Fall 2023,Sundays at 22:30 (JST),"Lantis, Movic, Bushiroad, Tokyo MX, Shueisha, NetEase, Bandai Namco Filmworks, Bandai Namco Music Live","None found, add some",Bibury Animation Studios,Manga,"ComedyComedy, RomanceRomance",SeinenSeinen,23 min. per ep.,PG-13 - Teens 13 or older
